sep=,
Date,Post,Likes,Comments,Clicks,Shares,Potential,
9/6/2017 04:50 PM,"God's call is not merely to ""be"" merciful, but to love mercy, to cultivate a passion for mercy toward people. Is there someone in your life who has wronged you that you need to forgive? How can you show them mercy?",1,1,0,0,56,
9/6/2017 12:05 PM,"1 John 2:2 says, ""He is the atoning sacrifice for our sins, and not only for ours but also for the sins of the whole world."" Jesus is the Good of God. His love is strong enough to redeem the entire world!",10,0,2,1,95,
9/6/2017 12:05 PM,"""Love mercy"" -' Micah 6:8
God expects everyone who's received mercy to live a merciful life! (Matthew 18:23-'34)",7,0,2,2,118,
9/6/2017 08:18 AM,"""Act justly"" -' Micah 6:8
If You know Christ, you can't sit on the sidelines of a hell-'bound world! We see broken in mercy, we act in boldness to make it right.",5,0,1,2,143,
9/6/2017 06:00 AM,"He has shown you, O mortal, what is good. And what does the Lord require of you? To act justly (do justice) and to love mercy (live lovingkindness) and to walk humbly with your God. -'Micah 6:8",12,1,6,3,326,
9/4/2017 03:02 PM,"Digging Deeper for Week of September 3, 2017: Commit to Live Against Racism",2,0,0,0,0,
9/4/2017 06:00 AM,"God's love has changed everything; I pray today that you and I aren't blind to it. I pray that you and I will see the power of a love that cost everything to change everything; in big and small ways! I pray most of all, that as we grow to be a church of 5,000 disciples, that we are not a church of 5,000 religious people ""saved to sit"" but that we are out in a broken world as broken people making friends for Jesus. Showing grace, living generosity, touching lives that nobody even notices, and bringing the healing of Heaven into a broken world one broken life at a time!¬†Read more about the heart of God to make all things new on our blog at‚Ä¶https://buff.ly/2eOVnY2",15,0,7,1,232,
9/3/2017 11:01 AM,"0",17,12,0,2,0,
9/3/2017 10:00 AM,"0",11,4,0,5,0,
9/3/2017 09:29 AM,"Thanks for joining us for our 9:30am service! We pray that you'll be blessed by the worship and message on this beautiful Sunday!",7,8,0,2,0,
9/3/2017 08:00 AM,"‚ÄúA new command I give you: Love one another. As I have loved you, so you must love one another."" -'James 13-'34
Join us for services today at 9:30, 11:00 or 12:30.",23,1,14,2,548,
9/2/2017 09:31 AM,"Cancel your lunch plans tomorrow! We've got you covered. #TablesAtSR",5,0,3,0,509,
9/1/2017 04:53 PM,"As Jesus followers, we are all called to make a difference in the world. So listen, look for God, seek understanding and love each other unconditionally from the heart of Jesus.",9,0,8,1,256,
8/31/2017 04:50 PM,"The declaration of God is that love wins!",5,0,1,0,166,
8/31/2017 12:05 PM,"One life at a time, listen for the pain in the people‚Äôs lives around you. Then share unconditional love, just like the love Jesus showed you on the cross.",12,0,2,0,164,
8/31/2017 07:59 AM,"This Week's Life Lifter -' We can be at peace -' and be the peacemakers -' in the midst of racism.",9,0,0,1,0,
8/30/2017 04:50 PM,"People need to feel Jesus‚Äô accepting love from us infinitely more than they need hear our ignorance. Living Jesus in view of racism is listening to the pain, laying down your own understanding, and choosing to love people deeply.",10,0,0,1,198,
8/30/2017 12:05 PM,"In listening to the pain of racism we can and should react in the love of God. The unconditional love shown to all people through the sacrifice of Jesus. How can Jesus change our conversation about racism?",5,0,1,1,190,
8/30/2017 09:50 AM,"In James 1:19-'21, Jesus said,  ""My dear brothers and sisters, take note of this: Everyone should be quick to listen, slow to speak and slow to become angry...""
In listening we seek God's understanding. In speaking we reveal our own!",11,0,1,1,88,
8/30/2017 06:00 AM,"Sometimes we hear messages of unity in a kind of shallow way, but I want you to hear God the infinite speaking in time about the plan of the creator to overcome shattered and to restore the intended purpose from the beginning. This is a picture of the Triunity in perfect relationship -' not in competition. Where individual personality is maintained but love is that which reveals and creates and inspires this connection. It is where there is no lonely, no apart, there is no ""other!""
In John 17:20-'23, Jesus is praying to the father about all believers and says, ‚ÄúMy prayer is not for them alone. I pray also for those who will believe in me through their message, 21 that all of them may be one, Father, just as you are in me and I am in you. May they also be in us so that the world may believe that you have sent me. 22 I have given them the glory that you gave me, that they may be one as we are one‚Äî 23 I in them and you in me‚Äîso that they may be brought to complete unity. Then the world will know that you sent me and have loved them even as you have loved me."" 

One Humanity -' One Race Redeemed! -' Dr. Drew Shofner",18,0,18,4,628,
8/29/2017 07:35 PM,"""Listen for Pain: Love like God."" -'Exodus 3:7 ""...I have heard their cry...""
In loving with the mind of Christ, how can we empathize with others and feel their pain in ways that Jesus did?",9,1,2,1,310,
8/28/2017 09:38 PM,"""I have a dream that my four little children will one day live in a nation where they will not be judged by the color of their skin but by the content of their character.""
Dr. Martin Luther King, Jr. gave this iconic speech only 54 years ago today. Read it in full here and consider how God is calling you to participate in the furthering of racial reconciliation today: https://www.archives.gov/files/press/exhibits/dream-'speech.pdf",16,0,0,4,0,
8/28/2017 04:53 PM,"Racism will not be ended by education, it will not even be ended by conversation, racism will be ended by transformation through the blood of Christ! -'Dr. Drew Shofner",10,1,4,3,251,
8/28/2017 04:53 PM,"Be on your guard for two of Satan's time-'worn tools: fear and anger. Look for them within your view of the world, within your views of ""other"" people, and within yourself. They are not of God, and they have no staying power in a heart touched by peace and graced by mercy through faith in Jesus. -'Dr. Drew Shofner",18,0,3,3,284,
8/28/2017 02:59 PM,"Digging Deeper for Week of August 27, 2017: Listen for the Pain and Love Like God",0,0,0,1,0,
8/28/2017 01:21 PM,"This Week's Life Lifter -' This Week's Life Lifter -' It's time to start loving from the mind of Christ",3,0,0,1,0,
8/28/2017 06:00 AM,"In the name of Jesus, I want to call each one of us to love thinking like Jesus. Stop and think from the mind of Christ and be eternally different by the power of the Holy Spirit. Be the love, joy and peace that Jesus modeled. Be the patience, kindness, goodness, faithfulness, gentleness, and self-'control -'all of the fruit of the Spirit!
Let that clear the fog between our ears and let us live thinking from the mind of Christ. Being salt and being light in this world! Making a difference and showing what a community of heaven is going to look like! -'Dr. Drew Shofner",22,3,19,6,850,
8/27/2017 09:59 AM,"We invite you to join the continuing conversation of our part as the Church in racial reconciliation in our nation.",8,27,0,15,0,
8/27/2017 09:57 AM,"0",4,2,0,1,0,
8/27/2017 09:29 AM,"Good morning Severn Run! Join our live stream to be challenged by what God is teaching us today.",12,9,0,3,0,
8/27/2017 07:00 AM,"Do not conform to the pattern of this world, but be transformed by the renewing of your mind. Then you will be able to test and approve what God‚Äôs will is‚Äîhis good, pleasing and perfect will. -'Romans 12:2",14,0,8,3,623,
8/26/2017 07:35 PM,"Let Jesus clear the air between your ears!",9,0,0,1,293,
8/26/2017 04:53 PM,"Don't buy the lie that the world can't change. Don't believe evil is strong and love is weak. Be confident, Jesus has overcome the word!",14,0,0,5,509,
8/26/2017 10:46 AM,"You are so loved by God! Read about this truth on our blog: https://buff.ly/2v7XSe0",8,0,5,2,539,
8/26/2017 09:01 AM,"The assumption that ""dark skin is bad and light skin is good"" is an idea that has pervaded our culture for centuries. We must know and acknowledge our environment in order to challenge and change it! Here are some resources for you to start recognizing the second-'hand smoke of our culture:",0,0,0,0,26,
8/25/2017 07:35 PM,"""Be transformed by the renewing of the mind."" -'Romans 12:2
Think differently with a new mind, the mind of Christ!",10,0,7,0,218,
8/25/2017 05:35 PM,"What's your favorite kind of pasta? Grab an extra at the store for Saucy Sunday on September 3! Learn more here: https://buff.ly/2v7KQxf",4,0,9,2,386,
8/25/2017 04:53 PM,"Like second-'hand smoke, racism is the air that we have breathed in our nation. Here are resources to help you recognize our environment:",4,3,0,0,66,
8/25/2017 09:01 AM,"To be stunned by grace means to live by grace towards everyone we run into!",7,2,9,0,268,
8/24/2017 07:15 PM,"Environment has shaped how we, as brothers & sisters, view one another in our culture. It doesn't have to stay broken because Jesus redeems!",3,0,1,0,168,
8/24/2017 06:15 PM,"How do we shake the historic narrative and second-'hand smoke nature of racism? Refuse to buy-'in to our broken culture and start thinking from the mind of Christ! Share some ways you can take practical steps to begin that journey.",10,0,20,1,791,
8/24/2017 04:50 PM,"The ideas of racism were planted into our culture centuries ago by intellectuals who needed to justify profits. Learn more about the air we breathe here:",1,0,2,0,80,
8/24/2017 02:09 PM,"This Sunday discover a new way to start a Connect Group!",20,0,300,11,2427,
8/24/2017 12:05 PM,"We're all naturally part of ""broken"" patterns until we're supernaturally not. Recognize the broken patterns beneath the surface.",7,0,5,0,175,
8/23/2017 08:01 PM,"Men! Are you ready to get serious about life and your faith? Join the next iteration of Fight Club to get the kick-'start you need.",4,0,4,0,263,
8/23/2017 07:15 PM,"Nationalism is sin! There is no ""God & Country!"" There is no ""God and.."" anything. There is only God. Anything else is idolatry.",16,3,272,4,1091,
8/23/2017 06:15 PM,"Do you know just how engrained racism is in our culture? Pastor Drew dug into the historic narrative of racism Sunday and you may be surprised just how deep it goes.",6,0,58,9,1273,
8/23/2017 04:50 PM,"Our culture and history are saturated with racist ideas and we are still reeling from the wound. We are breathing polluted air! How do we start to heal? By allowing Jesus to redeem our thinking.",4,0,12,1,237,
8/23/2017 12:05 PM,"""But we have the mind of Christ..."" 1 Corinthians 2:16
We are called to love thinking from the mind of Christ!",6,0,1,0,162,
8/22/2017 07:35 PM,"If everything's broken, then maybe it's more deeply broken than we have previously realized, including our own lives and thoughts.",8,0,0,1,229,
8/22/2017 06:00 PM,"""Until we love thinking from the mind of Christ, our thinking is broken."" -' Pastor Drew
The definition of racism goes much deeper than any dictionary can express.",13,0,20,3,731,
8/22/2017 04:53 PM,"How do you challenge your assumptions? Look for primary sources to make sure your assumptions are based in truth.",10,0,8,0,229,
8/22/2017 02:06 PM,"The 1st Sunday of every month is Saucy Sunday! Help the Transformation Center pack the pantry with pasta goods. https://buff.ly/2wrf1Uh",2,0,12,1,453,
8/22/2017 10:01 AM,"""When we put aside our comfort and reach out to show the love of Jesus to the uncomfortable, we are truly thinking Kingdom and living Jesus."" Learn how to get involved in local serving opportunities in this new blog post: https://buff.ly/2uZZ3A1",31,1,9,0,201,
8/22/2017 09:00 AM,"We are in a place in our nation where Satan wants us to move backwards. God wants us to move forward, it's time to stand up as the Church.",14,0,0,3,97,
8/21/2017 07:35 PM,"Conversations about racism can be awkward, offensive/defensive, fearful/angry, clouded with group think, and closed to new ideas. We have a chance, now, to move forward not backwards. We must choose to extend the umbrella of grace and engage with the mind of Christ. Listen to the beginning of our conversation here: https://buff.ly/2wxQhZB",10,0,14,2,613,
8/21/2017 06:35 PM,"""We are all breathing the second-'hand smoke of racism."" -' Pastor Drew
Not only is racism born out of hatred and ignorance but also a narrative of inferiority and superiority that permeates our air. Share some ways you've seen racism take on the form of second-'hand smoke in your life.",11,0,47,5,1203,
8/21/2017 04:53 PM,"We have to learn to live in tension before we resolve it too quickly. Faith is learning to live in tension with its resolution in heaven.",6,0,1,0,251,
8/21/2017 02:59 PM,"Digging Deeper for Week of August 20, 2017: Learn to Love from the Mind of Christ",1,0,0,0,0,
8/21/2017 09:01 AM,"Everything that is not from the purpose of God or working towards the purpose of God is touched by sin -' broken. We all need redeeming!",7,0,0,0,90,
8/21/2017 06:00 AM,"In Matthew 5:43-' 47 Jesus says, ‚ÄúYou have heard the law that says, Love your neighbor and hate your enemy. But I say, love your enemies! Pray for those who persecute you! In that way, you will be acting as true children of your Father in heaven. For he gives his sunlight to both the evil and the good, and he sends rain on the just and the unjust alike. If you love only those who love you, what reward is there for that? Even corrupt tax collectors do that much. If you are kind only to your friends, how are you different from anyone else?"" 
How many of you all have enemies? The truth is, there are people who hurt us, and wound us and misinterpret us and who think the least of us. On earth, in a sense, they are our enemies, but the truth is, you only have one enemy. As a born again believer, you see that that person is not your enemy, but that the enemy is your enemy. When your heart is so filled with Jesus, you are free to love and to pray for your enemies because you see the issues differently. You see the issues bigger because your heart is filled with the Kingdom of God, not the smallness of earth‚Äôs hate and justice. 

Do I believe that you can really love your enemies? Not out of your heart, but out of the heart of Jesus -'-'YES! Because God did that for us while we were still his enemies! Read more from Pastor Drew on what it means to love your enemies on our blog at...https://buff.ly/2wcMHEB",7,0,6,4,468,
8/20/2017 07:35 PM,"Everything's broken. Everything needs to be redeemed, including our thinking.",25,0,5,3,553,
8/20/2017 05:15 PM,"We're starting a new conversation about Racism in America. And it all starts by evaluating our environment. Check out the full message here.",26,1,0,21,0,
8/20/2017 04:53 PM,"We need to learn to love thinking from the mind of Christ.",20,0,4,2,533,
8/20/2017 09:32 AM,"We're experiencing some technical difficulties with our live stream device. We hope to be up for 11 AM, but will post a recorded version of service for sure!",4,1,0,0,0,
8/20/2017 07:00 AM,"I delight greatly in the Lord; my soul rejoices in my God. -'Isaiah 61:10",16,0,4,3,728,
8/19/2017 12:32 PM,"0",7,0,0,0,0,
8/19/2017 12:32 PM,"It's time for us as the Church to start a new generation of conversation about racial reconciliation in America. Real healing and real change only comes through Christ in us.
""Do not be overcome by evil, but overcome evil with good."" Romans 12:21

Help start conversation by being a part of a three part series on August 20, 27, and September 3 at 9:30 AM, 11 AM, or 12:30 PM.",18,1,0,12,0,
8/18/2017 09:01 AM,"‚ÄúIf Jesus has your life, Jesus will be your life!‚Äù -'Dr. Drew Shofner",5,0,2,1,77,
8/17/2017 12:05 PM,"For us, the Bible contains the answers to the test of life. And one of those answers is to confront the broken of the world. Share some ways you want to confront the broken you see around you.",10,0,0,0,130,
8/17/2017 07:59 AM,"This Week's Life Lifter -' The Bible is full of examples of how God uses broken people to do his will...how will he use you?",1,0,0,0,0,
8/16/2017 07:15 PM,"It's not about trying to be like Jesus. It's about letting Jesus be Himself in us. Share how this is challenging you to look differently at your relationship with our Father.",17,0,8,0,696,
8/16/2017 05:34 PM,"A new conversation about race in America starts in the Church. Join us this Sunday at 9:30 AM, 11 AM, or 12:30 PM.",68,7,0,30,0,
8/16/2017 04:50 PM,"In Matthew 25:40, Jesus said, ‚ÄúTruly I tell you, whatever you did for one of the least of these brothers and sisters of mine, you did for me.‚Äù If we do nothing about injustice and human need, if we act like nothing can be done in the name of Jesus about suffering and evil in the world around us, we reveal that Jesus never had our lives (was never given control) and that we never knew Jesus (we never really wanted to know Him). Let Jesus be you in the broken!",15,0,21,3,543,
8/16/2017 03:58 PM,"Be sure to join our upcoming Facebook Live video at 4:30 to hear an important message from Pastor Drew.",1,3,15,0,215,
8/16/2017 06:00 AM,"In Matthew 25:40, Jesus said, ‚ÄúTruly I tell you, whatever you did for one of the least of these brothers and sisters of mine, you did for me.‚Äù  Jesus has called every one of us to redeem something and meet him in the broken in the world! -'Dr. Drew Shofner",14,0,1,4,245,
8/15/2017 07:35 PM,"""Our courage or our cowardice matters."" -' Pastor Drew",26,2,82,1,1537,
8/15/2017 04:53 PM,"It‚Äôs not so much a matter of us trying to ‚Äúbe‚Äù Jesus, but simply of us letting Jesus be Himself in us! Our lives are for Jesus to inhabit, to live in and through! ‚ÄúChrist in you, the hope of glory‚Ä¶‚Äù -'Colossians 1:27",5,0,0,2,59,
8/14/2017 07:35 PM,"There is no room for racism in the Church! Listen to Pastor Drew's message about the tragic events in Charlottesville over the weekend, and how we as the Church should respond.",38,3,114,9,2258,
8/14/2017 04:53 PM,"""If we let Jesus touch us deeply, we let Him touch others deeply -'-'through us!"" -'Dr. Drew Shofner",20,0,1,1,134,
8/14/2017 02:59 PM,"Digging Deeper for Week of August 13, 2017: Letting Jesus be You in the Broken",0,0,0,0,0,
8/14/2017 06:00 AM,"In 1 Corinthians 13:1-'3, the Apostle Paul said, ‚ÄúIf I speak in the tongues of men or of angels, but do not have love, I am only a resounding gong or a clanging cymbal. If I have the gift of prophecy and can fathom all mysteries and all knowledge, and if I have a faith that can move mountains, but do not have love, I am nothing. If I give all I possess to the poor and give over my body to hardship that I may boast, but do not have love, I gain nothing.‚Äù 
Paul said that without love, I am nothing -' all would be of no value, it would not save me. I would answer none of the great purposes which God has designed; I should not by all this secure my salvation. All would be in vain in regard to the great purpose of my existence. None of these things could be placed before God as a ground of acceptance in the Day of Judgment. Unless I should have love, I should still be lost. True Christian faith unites us to Christ, who is love. 

Paul continued to explain what Love looks like in 1 Corinthians 13:4-'8 when he said, ""Love is patient, love is kind. It does not envy, it does not boast, it is not proud. It does not dishonor others, it is not self-'seeking, it is not easily angered, it keeps no record of wrongs. Love does not delight in evil but rejoices with the truth. It always protects, always trusts, always hopes, always perseveres.""

Are you loving well? Ask the Holy Spirit, He will tell you!",20,1,11,5,352,
8/13/2017 02:33 PM,"How are you allowing yourself to be Jesus? See Pastor Drew's full message from this weekend here.",18,0,0,9,0,
8/13/2017 11:55 AM,"Good morning friends. Thanks to some technical difficulties we haven't gotten our live stream to work correctly today. We will post the full message for you this week!",6,0,0,0,0,
8/13/2017 09:30 AM,"Good morning Severn Run! Join our live stream to be challenged by what God is teaching us today.",16,27,0,5,0,
8/13/2017 07:00 AM,"We can't wait to see you all today, #coffee is on us!",21,0,12,1,816,
8/12/2017 05:42 PM,"Living Jesus; Rejecting Racism: thoughts on today's actions in #Charlottesville.",94,32,0,103,0,
8/12/2017 05:09 PM,"Our pastor, Drew Shofner, will be going live on Facebook shortly to address the ongoing issue in Charlottesville. Please tune in.",12,0,16,0,402,
8/12/2017 04:53 PM,"Help us love 150 kids from Maryland City and Brock Bridge Elementary Schools well! Stop by and pick up a child's name and grade and fill up a backpack with all the supplies they will need for the year. Drop of ends on August 13! If you have questions please contact Laura at lespin1@hotmail.com",1,0,11,0,220,
8/11/2017 09:01 AM,"Join the Handbell Team and ring in the Fall season with us by sharing food and friendship all while learning more about how the Handbell Ministry loves well.  Dinner is provided.  Please RSVP by August 20 to Madge at mcluoto@yahoo.com",5,0,3,0,226,
8/10/2017 07:15 PM,"What can a sick hedgehog teach you about the love of God?
After you watch Pastor Drew's answer, tell us how God is loving you well right now despite the circumstances you face.",15,0,24,0,860,
8/10/2017 12:05 PM,"Men Ignited Together BreakfastAugust 19, 2017 from 8:00 to 10:00 AM ‚Ä¢ Atrium
Come connect with other men at Severn Run at our quarterly gathering. You will have the opportunity to meet guys from all walks of life, hear powerful stories of life change, and of course, enjoy a few FREE #donuts. If you have questions you can contact Sean at fightclub@severnrun.com, no RSVP required.",3,0,2,1,271,
8/10/2017 07:59 AM,"This Week's Life Lifter -' The New Command",2,0,0,0,0,
8/9/2017 07:15 PM,"Where do you find authentic community? Do you find it in the church or somewhere else? Let us know your thoughts in the comments. And if you have ideas about how the church can grow into a tighter knit family let's hear them!",4,0,15,0,653,
8/9/2017 02:06 PM,"Help us love 150 kids from Maryland City and Brock Bridge Elementary Schools well! Monetary donations can be made via our giving outlets, please designate ""Backpack Ministry"" in the notes. If you have questions please contact Laura at lespin1@hotmail.com",1,0,0,1,159,
8/9/2017 12:05 PM,"Our summer Men Ignited Together BreakfastAugust 19, 2017 from 8:00AM to 10:00 AM ‚Ä¢ Atrium
Come connect with other men at Severn Run at our quarterly gathering. You will have the opportunity to meet guys from all walks of life, hear powerful stories of life change, and of course, enjoy a few free #donuts. If you have questions you can contact Sean at fightclub@severnrun.com, no RSVP required.",2,0,0,0,40,
8/9/2017 10:22 AM,"Follow the staff Chicago shenanigans on Instagram Stories!",20,0,59,1,675,
8/9/2017 06:00 AM,"‚ÄúA new command I give you: Love one another. As I have loved you, so you must love one another.¬†By this everyone will know that you are my disciples, if you love one another.‚Äù -'John 13:34-'35",21,0,9,4,838,
8/8/2017 07:35 PM,"Have you ever let yourself be loved? Have you ever really let Jesus in?",17,0,18,4,810,
8/8/2017 06:05 PM,"Help us love 150 kids from Maryland City and Brock Bridge Elementary Schools well! Stop by and pick up a child's name and grade and fill up a backpack with all the supplies they will need for the year. Drop of ends on August 13! If you have questions please contact Laura at lespin1@hotmail.com",2,0,1,0,113,
8/8/2017 09:01 AM,"Men Ignited Together Breakfast8/19/17 @ 8-'10AM ‚Ä¢ Atrium ‚Ä¢ hear powerful stories ‚Ä¢ FREE #donuts ‚Ä¢ no RSVP required ‚Ä¢ info fightclub@severnrun.com",4,0,6,1,313,
8/8/2017 06:05 AM,"Colossians 2:6-'7 says, ""So then, just as you received Christ Jesus as Lord, continue to live your lives in him, rooted and built up in him, strengthened in the faith as you were taught, and overflowing with thankfulness.""
When we receive Christ Jesus as Lord, then we will continue to live in Him and grow in Him -'into lives that are ever larger for Him! That means that our lives grow deeper and our identity is rooted more and more firmly in the love of God -'we know who we are!

Your identity is set, your confidence in God grows and then you begin to grow up like a tree that spreads its branches. When we let the Kingdom come, Jesus leads us into a God-'sized life! -'Dr. Drew Shofner",4,0,2,2,273,
8/7/2017 07:35 PM,"""As complicated as life is, the Son of God came to show us that in the end love is all there is."" -'Pastor Drew Shofner
Jesus has given us a command to love one another. So many times we view that command in a self-'centered way. But Jesus said we should love others as He loves us. In the comments, let us know how you're learning this week to love as Jesus loves you.",17,0,25,0,695,
8/7/2017 02:59 PM,"Digging Deeper for Week of August 6, 2017: Loving well comes from being well-'loved üíï",3,0,0,0,0,
8/6/2017 10:59 AM,"Good morning Severn Run! Join us this morning as we celebrate Pastor Ben Kennedy, Lori and their family with some special worship!",18,13,0,2,0,
8/6/2017 09:29 AM,"Good morning Severn Run! Join us this morning as we celebrate Pastor Ben Kennedy, Lori and their family with some special worship!",13,16,0,2,0,
8/6/2017 08:30 AM,"""When you pass through the waters, I will be with you; and through the rivers, they shall not overwhelm you..."" -'Isaiah 43:2",10,0,16,3,753,
8/6/2017 07:00 AM,"Good morning! Be sure you grab your card for the Kennedy family on your way to worship this morning. See you at 9:30 AM, 11 AM, or 12:30 PM!",2,0,4,0,241,
8/5/2017 07:35 PM,"We've got some new stuff floating around the building this weekend. Be sure you're here Sunday at 9:30 AM, 11 AM, or 12:30 PM to see it yourself!",10,1,30,1,402,
8/5/2017 04:53 PM,"It's finally happening! New tees at the Gear Shop this weekend. Adult and kids sizes are available for only $15.",9,0,11,0,643,
8/5/2017 09:00 AM,"Help us love the Kennedys well this Sunday. Bring a card to let them know how their ministry here has impacted you! buff.ly/2fd3jVL",13,1,50,0,974,
8/4/2017 07:35 PM,"The Kids at Severn Run are wrapping up a fun week at camp. You can see all the fun they've had by visiting the camp gallery in our photos page:",8,0,6,0,199,
8/4/2017 04:53 PM,"Help us love 150 kids from Maryland City and Brock Bridge Elementary Schools well! Monetary donations can be made via our giving outlets, please designate ""Backpack Ministry"" in the notes. If you have questions please contact Laura at lespin1@hotmail.com",2,0,4,1,486,
8/4/2017 09:00 AM,"Our summer Men Ignited Together BreakfastAugust 19, 2017 from 8:00 to 10:00 AM ‚Ä¢ Atrium
Come connect with other men at Severn Run at our quarterly gathering. You will have the opportunity to meet guys from all walks of life, hear powerful stories of life change, and of course, enjoy a few free donuts. If you have questions you can contact Sean at fightclub@severnrun.com, no RSVP required.",4,3,12,1,384,
8/3/2017 07:15 PM,"We all doubt. And as Pastor Ron pointed out, as soon as we start to doubt we collect evidence to support that doubt. But Pastor Ron challenged us to think differently. He challenged us to collect evidence to support our faith. And to say this as we go through our week, ""God is with me and I am with God."" In the comments let us know how faithing has been winning out over doubting in your week.",21,4,163,12,1915,
8/3/2017 04:50 PM,"Take some time to review Romans 5:1-'11 today:",3,0,6,1,217,
8/3/2017 12:05 PM,"Have you seen what our kids are up to at CentriKid Camp this year? Get the inside scoop on our photos page: severnrun.com/photos",18,0,19,0,646,
8/3/2017 08:03 AM,"#GodisWithMeIAmWithGod #Faithing in This Week's Life Lifter",12,0,0,1,0,
8/2/2017 07:15 PM,"How long has it been since you sinned last? Don't actually answer that! But think about it. We as believers are all in the same boat. We all have a sin problem. But as Pastor Ron shared this weekend, we need to recognize that we're all in the same boat so we can go on living. In the comments, share some ways that you kick yourself out of the boat. Then let's pray and ask God to heal and redeem those thoughts so we can get on with living life together.",19,1,81,6,1416,
8/2/2017 04:50 PM,"Help us love 150 kids from Maryland City and Brock Bridge Elementary Schools well! Stop by and pick up a child's name and grade and fill up a backpack with all the supplies they will need for the year. Drop of ends on August 13! If you have questions please contact Laura at lespin1@hotmail.com",6,0,22,3,775,
8/2/2017 12:05 PM,"We've got very real footage of Pastor Steve singing a wake up song to our kids at camp. See this video and more at http://buff.ly/2w6uTbw",11,1,47,0,420,
8/2/2017 06:00 AM,"Therefore, since we have been justified through faith,we have peace with God through our Lord Jesus Christ, through whom we have gained access by faith into this grace in which we now stand. And we boast in the hopeof the glory of God. Not only so, but we also glory in our sufferings, because we know that suffering produces perseverance; perseverance, character; and character, hope. And hope does not put us to shame, because God‚Äôs love has been poured out into our hearts through the Holy Spirit, who has been given to us. -'Romans 5:1-'5",10,1,7,1,645,
8/1/2017 09:00 AM,"What evidence have you collected this week to remind yourself that God is with you? Reply with your evidence!",8,8,16,1,214,
7/31/2017 07:35 PM,"""What if we tried faithing instead of doubting?"" -' Pastor Ron
How have you focused your faith this week?",12,3,14,1,346,
7/31/2017 04:53 PM,"""Faith is the currency of the Kingdom!""
Hear all of Pastor Ron's message on our website at severnrun.com.",4,0,2,0,224,
7/31/2017 02:59 PM,"Digging Deeper for Week of July 30, 2017: #Faithing",3,0,0,1,0,
7/31/2017 09:01 AM,"""Hi. I'm _______ and I'm a sinner."" We're all in the same boat now we can be a church to figure out how to live and avoid judgement!",12,0,0,0,272,
7/31/2017 06:00 AM,"I want to remind you today that you and I have the opportunity to make a choice that changes everything -'in Jesus! The Bible says in Revelation 3:20, ""Behold, I stand at the door and knock. If anyone opens the door,"" (if anyone will admit their need and acknowledge their sin, if anyone will welcome a savior into their life), the Bible says ""I will come in and have fellowship with them and they with me."" 
If we say yes and if we believe and allow Jesus to come and live in us, then He is going to do in us what He did on the third day! He is going to resurrect our dead lives-'-' redeem them, turn them around-'-'and take us home! And that my friends, is the great ""Good News"" of the Gospel of Jesus Christ! The resurrection story-' it is the story we're all looking for, even when we're not!  -'Dr. Drew Shofner",10,1,6,2,368,
7/30/2017 07:35 PM,"Jesus never commends anyone for their purity, honesty, or generosity. Jesus only commends people for their faith! -' Pastor Ron Willoughby",30,4,34,2,679,
7/30/2017 04:53 PM,"Don't forget to grab a card for the Kennedy's! Let them know how God has used them at Severn Run. Learn more here: buff.ly/2vVIp1r",17,0,200,1,1271,
7/30/2017 10:59 AM,"We're excited to welcome Pastor Ron Willoughby from The Broken Wall Project today! How have you seen God at work this week?",28,11,0,2,0,
7/30/2017 09:29 AM,"We're excited to welcome Pastor Ron Willoughby from The Broken Wall Project today! How have you seen God at work this week?",18,13,0,8,0,
7/28/2017 09:01 AM,"There is power associated with the Word of God, the building of His Kingdom and the power that is associated with God the infinite is also given to you and I in the Kingdom! 
We have to think Kingdom and think Jesus, and when we do that, God's Kingdom can come in our lives, in our marriages, in our challenges, in our feelings, in our anger, in our woundedness, and in all the challenges of life in the eaxct same way that it is in Heaven. That's the Word of God -'-'that's the satement of Jesus Christ! -'Dr. Drew Shofner",10,0,4,3,119,
7/27/2017 07:15 PM,"In Romans 6:3-'4, the Apostle Paul said, ""Or don‚Äôt you know that all of us who were baptized into Christ Jesus were baptized into his death? We were therefore buried with him through baptism into death in order that, just as Christ was raised from the dead through the glory of the Father, we too may live a new life.""
The cost of the Kingdom is the cross and your death, and the gift of the grace of God in response to your willingness to give up your life is a whole new ressurrected life that never ends -'-'that's the coming of the Kingdom! You and I have to die to the old before we can enter into the new...you can't have a ressurrection without a finished crucifixion! -'Dr. Drew Shofner",6,0,10,1,218,
7/27/2017 11:03 AM,"Seek God First to Think Kingdom in This Week's Life Lifter",1,0,0,1,0,
7/26/2017 04:50 PM,"A life without God's touch is a life untouched! -'Dr. Drew Shofner",20,0,0,1,97,
7/26/2017 06:00 AM,"Jesus came to lead us out of a dead and dying world into an everlasting Kingdom! The bridge to this new world is the cross and the simple reality is that entering the new means leaving the old! We're called to give up our own ""world building"" and the portrait of how we think life should be -'-'we can't live in two worlds! There are far too few of us who are living lives that are cross carrying. And there are far too many of us who are trying to live with one foot in both worlds -'-'and it doesn't work! Continue reading on our blog at...http://buff.ly/2uzC8s9",11,0,5,1,191,
7/25/2017 04:53 PM,"In Matthew 5:4, Jesus said, ""Blessed are those who mourn, for they will be comforted."" We all feel empty within; own it in hope. Stop running from it and deal with your pain in the presence of God. When we face the pain, we have the chance for God to bless us with His comfort.",9,0,1,0,218,
7/25/2017 12:01 PM,"In John 3:3, Jesus declared, ‚ÄúI tell you the truth, unless you are born again, you cannot see the Kingdom of God.‚Äù Beginnings require endings. We can't enter Kingdom life until we reject a broken life in a fallen world!",10,0,0,2,47,
7/24/2017 05:25 PM,"Who else is going to CentriKid camp? It's time to connect. üòÅ",1,3,0,0,0,
7/24/2017 02:59 PM,"What it Means to Think Kingdom : Digging Deeper for Week of July 23, 2017",5,0,0,0,0,
7/24/2017 06:00 AM,"In 2 Corinthians 12:9-'10, the Apostle Paul asked God three times to take away the thorn in his flesh and God said, ‚ÄúMy grace is sufficient for you, for my power is made perfect in weakness.‚Äù Therefore I will boast all the more gladly about my weaknesses, so that Christ‚Äôs power may rest on me. That is why, for Christ‚Äôs sake, I delight in weaknesses, in insults, in hardships, in persecutions, in difficulties. For when I am weak, then I am strong.
When we stop living for our own glory, we stop being limited by our own abilities and our own efforts and we begin to live by the power of God -' the Holy Spirit inside of us! When we refuse to be stopped by earth-'bound thinking of what is and is not possible and when we stop living for our own glory, we become limitless! Read more from Dr. Drew about how our weakness becomes a vehicle for the strength of God on our blog at‚Ä¶http://buff.ly/2um9xpL",14,0,10,1,335,
7/23/2017 04:53 PM,"It's not to late to save, serve, and sign-'up to donate blood!
Red Cross Blood Drive July 24, 2017 from 2:00-'7:30 PM

Make a lifesaving blood donation right here on our campus thanks to our friends in the CAP ministry. You can set your donation appointment on the Red Cross website: http://buff.ly/2tos2Nf.",0,0,0,0,81,
7/23/2017 10:59 AM,"Feeling like life is a little complex this morning? Join us as Pastor Drew walks through five (difficult) steps to Think Kingdom.",12,9,0,2,0,
7/23/2017 09:29 AM,"Feeling like life is a little complex this morning? Join us as Pastor Drew walks through five (difficult) steps to Think Kingdom.",21,12,0,3,0,
7/23/2017 08:20 AM,"Join us for services today at 9:30, 11:00 or 12:30! 
Cast your cares on the Lord and he will sustain you; he will never let the righteous be shaken. -'Psalm 55:22",8,0,8,0,743,
7/21/2017 07:35 PM,"Time for a #TablesAtSR selfie call! Let's see you living out our belief that life is better connected. Post your selfies in the comments and enjoy a few we got last week!",5,1,110,1,494,
7/21/2017 04:53 PM,"Are you looking for a way to serve and save a life? Give blood and save three!
Red Cross Blood Drive July 24, 2017 from 2:00-'7:30 PM

Make a lifesaving blood donation right here on our campus thanks to our friends in the CAP ministry. You can set your donation appointment on the Red Cross website: http://buff.ly/2uxN4ca.",0,0,2,0,70,
7/20/2017 07:15 PM,"Our Church is a major part of our strong foundation! It's who we do life with because life is better connected. If you haven't found a group of people to support your foundation, jump into a Table this week! Check out our full list here: http://buff.ly/2uILSTK",5,1,1,0,88,
7/20/2017 04:50 PM,"How's your foundation? Is it totally sandy? Are there some pieces of it that need some attention and strengthening? Pastor Steve gave us lots of insights on how to have a firm foundation, you can hear his message here: http://buff.ly/2u89sGn",17,1,23,0,568,
7/20/2017 12:05 PM,"One piece of our Spiritual foundation is our Gifts & Talents. How are you using what God has given you to serve him? If you haven't started yet, find a place to strengthen your gifts here: http://buff.ly/2uIF1K6.",2,0,2,0,213,
7/20/2017 08:05 AM,"What is Your Foundation? Check Out This Week's Life Lifter!",3,0,0,1,0,
7/19/2017 09:34 PM,"Every Thursday morning, the Severn Run Staff prays together. How can we pray for you?",22,7,102,1,1474,
7/19/2017 07:15 PM,"Foundation #1: Our Spirit. It's who we are, who God has made us and our connection to Father God in heaven. How are you strengthening your Spirit foundation today? Our blog has lots of insightful posts to help: severnrun.com/blog",4,0,1,0,192,
7/19/2017 04:50 PM,"Don't forget to join our friends at The Transformation Center for tour night tonight at 7 PM! You can RSVP here:",1,0,0,0,180,
7/19/2017 12:05 PM,"Red Cross Blood Drive July 24, 2017 from 2:00-'7:30 PM
Make a lifesaving blood donation right here on our campus thanks to our friends in the CAP ministry. You can set your donation appointment on the Red Cross website: http://buff.ly/2tET3Hy.",2,0,1,0,161,
7/19/2017 09:00 AM,"On Sunday, Pastor Steve taught us that half of the people who follow Jesus make that decision by the time they are only 12 years old. In The Parable of the Wise and Foolish Builders , we learned how critical it is for us to build a strong foundation in Jesus.  If we leave this foundation building to the ‚Äúworld‚Äù or our own nature, we will end up broken. So we must help our own children and the children of our church (and even the newer believers) build a strong foundation of faith. 
You don‚Äôt need to know everything before you start serving -' follow the leading of the Holy Spirit and make a commitment to helping grow the new believers around you -' both in your family and in the church. Share your story, share your life, and reach out to others with the love of Jesus. If you feel a calling to serve in the children‚Äôs ministry, contact Pastor Steve at the church office and get involved!

 ""Therefore everyone who hears these words of mine and puts them into practice is like a wise man who built his house on the rock.""  (Matthew 7:24-'27)",14,0,13,1,443,
7/18/2017 09:00 AM,"As parents (or anyone who influences kids), it's important that we invest in our kids' foundations: Spirit, Family, and Church.",13,0,17,2,861,
7/17/2017 07:35 PM,"VBS has been tons of fun! Did you know you can get a glimpse on our photos page? http://buff.ly/2tyBMzS",32,0,186,2,956,
7/17/2017 04:53 PM,"üéâüòÄüåéIt's world emoji day! üåéüòÄüéâ
Reply with your most used emoji to celebrate with us!",2,24,74,0,895,
7/17/2017 02:59 PM,"Digging Deeper for Week of July 16, 2017",3,0,0,0,0,
7/17/2017 01:51 PM,"For Your Information: Our office phones and internet are down today. Our apologies for any missed communication.",3,0,2,0,225,
7/17/2017 06:00 AM,"Jesus Christ is resurrected and His spirit indwells every true believer and every true believer now, ""can do all things through Christ who strengthens me."" (Phil 4:13) There is an answer and His name is Jesus. If you can find a better answer that is more positive, than good luck to you. I could not and I don‚Äôt believe that you will either. Father, in Jesus‚Äô name I pray that you would help us to surrender and to run to that which will set us free. Read the full message from Dr. Drew on our blog at...http://buff.ly/2tZ1yjX",12,1,8,2,295,
7/16/2017 10:59 AM,"Find your inner kid this morning and learn how to search the visible to discover the invisible God who loves us so much! It's VBS Sunday at Severn Run!",17,16,0,3,0,
7/16/2017 09:30 AM,"Find your inner kid this morning and learn how to search the visible to discover the invisible God who loves us so much! It's VBS Sunday at Severn Run!",15,4,0,2,0,
7/16/2017 08:30 AM,"Return to your first love. -'Revelation 2:1-'7",6,0,22,2,690,
7/15/2017 07:35 PM,"Tomorrow is VBS for everyone! Pastor Steve is going to show us what it's like to be a kid at Severn Run. Don't miss it at 9: 30 AM, 11 AM, or 12:30 PM.",15,0,23,1,1014,
7/15/2017 04:53 PM,"Our VBS shirts are the best ones around! You can get yours (and a bunch of other fun stuff) tomorrow at the Gear Shop (located on the big orange wall in the Atrium)!",7,0,15,0,615,
7/15/2017 09:00 AM,"Wouldn't it be cool to see the headlines say ""There is a God movement in the city of Baltimore!"" in the future? 
-' Pastor Brian Z.",22,1,14,0,498,
7/14/2017 07:35 PM,"Fri-'YAY! Using the GIF button in the comments, tell us how your week went.",13,32,285,0,2184,
7/14/2017 04:53 PM,"Tables Selfie roll-'call! Here are some of our #TablesAtSR from a couple weeks ago. Let's see some of your smiling faces enjoying a meal together in the comments. Go!",8,5,253,1,1000,
7/14/2017 09:00 AM,"Ready to truly love your neighbor as you love yourself? Partner with The Transformation Center: buff.ly/2twyrUX",8,0,9,2,166,
7/13/2017 07:15 PM,"We wrapped up our 5-'7 year old VBS week today, but the fun isn't over yet! 8-'12 year olds get to be Galactic Starveyors next week. Register at http://buff.ly/2uaXMph to attend or serve.",10,0,11,0,580,
7/13/2017 04:50 PM,"""God has a dream for your life!"" How can you help someone realize this truth? Join The Transformation Center team: buff.ly/2u72nJ5",0,0,8,0,49,
7/13/2017 03:00 PM,"üí™ We're trying to break a record: putting all 700 worship center chairs back in less than an hour. Come help us be victorious at 6:30 PM. üí™",4,0,9,0,542,
7/13/2017 12:05 PM,"üòõ What's for lunch? üòõ
Tell us in the comments, and don't forget to find a Table to join at http://buff.ly/2u5Nju5.",1,0,0,0,13,
7/13/2017 08:00 AM,"This Week's Life Lifter: It was me...you did it for me.",10,0,0,0,0,
7/12/2017 07:15 PM,"What was Sunday's message about again? We all need some mid-'week refreshers to keep us focused on what God is doing in our lives. Follow this link (http://buff.ly/2uaEAbc) and sign up to automatically get Digging Deeper questions and our Life Lifter devotionals during the week!",2,0,5,0,190,
7/12/2017 04:50 PM,"It's not too late to join the Severn Run softball team. Get the details and register here: http://buff.ly/2uJCyvl",7,3,33,0,864,
7/12/2017 04:28 PM,"Come and help us put the chairs back in the Worship Center this Thursday at 6:30 PM.",0,0,6,0,409,
7/12/2017 12:05 PM,"How can God use your life to connect other lives to the hope and dreams that God has for them? Make an impact here: buff.ly/2u0wi4I",0,0,2,0,69,
7/12/2017 11:42 AM,"Closing rally -' Dance time! See the kids reaction to rally time.",40,2,0,0,0,
7/12/2017 06:00 AM,"In Matthew 9:37-'38, Jesus said to His disciples, ‚ÄúThe harvest is plentiful but the workers are few. Ask the Lord of the harvest, therefore, to send out workers into his harvest field.‚Äù Jesus said the harvest is plentiful! There are millions of broken people around us who are blind now but if only the Father's love was revealed to them, they would be ready and receptive. What Jesus is trying to tell us is the church of the living God has to have a new attitude! A¬†believing¬†attitude and a¬†faithful¬†attitude that looks at our world around us and says we can make a difference. God is at work out there, He's already done all the work to plant and water, and all we have to do is to get out and connect with people and to bring in the harvest.
All around us there are hundreds of thousands of human beings that are ready to hear about the love of God and to have His arms around them. God may use¬†your¬†arms.¬†You¬†may be the arms of God, the hand of God, the Word of God and we gotta have a different attitude! We are called to join Him, empowered by the Holy Spirit and inspired by God, and if we do, there will be an immense harvest and a huge difference! Stories will be changed, if we just believe! -'Dr. Drew Shofner",6,0,2,1,126,
7/12/2017 06:00 AM,"How can we pray for you this week?",2,0,2,0,230,
7/11/2017 07:35 PM,"Do you lead at home, work, or at Severn Run? Sharpen your leadership skills by attending a local, live streaming of the nation's best faith & leadership conference, Global Leadership Summit.  Hear from great speakers like Sheryl Sandburg, Gary Haugen, and Andy Stanley and take your personal leadership skills up to the next level. Learn more and reserve a reduced cost ticket at http://buff.ly/2t6miCM!",7,0,16,0,604,
7/11/2017 04:53 PM,"‚≠êÔ∏è ‚ú® It's not too late to join in on the VBS fun! 8-'12 year olds are up next week and you can still sign up at http://buff.ly/2tAmwpr (yep, you can still serve too!  ‚ú® ‚≠êÔ∏è",4,0,16,1,412,
7/11/2017 11:42 AM,"Join us for our VBS closing rally!",19,0,0,0,0,
7/11/2017 10:32 AM,"Let's explore VBS at Severn Run today!",35,6,0,2,0,
7/11/2017 10:24 AM,"Pro tip for your day: today you can get free chicken if you dress like a cow at Chick-'Fil-'A and then grab a free Slurpee at 7-'11!",11,0,3,0,75,
7/11/2017 09:00 AM,"Did you know that we throw away nearly half of the food we produce in America? Help bridge the gap between the hungry and waste with The Transformation Center: buff.ly/2uFPzGf",12,0,1,2,176,
7/10/2017 10:23 PM,"Happy Amazon Prime day! Don't forget to shop at Amazon Smile to support Severn Run while you score deals! Smile.amazon.com",5,0,7,0,343,
7/10/2017 07:35 PM,"Have you found a Table yet? It's a new week which means a new round of Tables. Find one to join at http://buff.ly/2t653l7 today!",3,0,8,0,589,
7/10/2017 04:53 PM,"Are you a skilled craftsman? Great teacher? Friendly smile? You can partner with The Transformation Center: buff.ly/2uFWAaq",2,0,3,1,140,
7/10/2017 11:44 AM,"Take some time to read the verses that inspired The Transformation Center: Isaiah‚Ä¨ ‚Ä≠58:6-'12‚Ä¨ -'  #LiveJesus",1,0,2,0,135,
7/10/2017 11:40 AM,"Who is my neighbor? How can I break out of my comfort zone? Dig into these questions this week using our Digging Deeper questions.",8,0,0,2,0,
7/10/2017 06:00 AM,"In John 6:35 Jesus declared, ""I am the bread of life, whoever comes to me will never go hungry, whoever believes in me will never be thirsty."" No matter how hard your life is or what you're longing for that you can't get, if you will go to Jesus, if you won't keep your distance, He promises to satisfy! Read more from Dr. Drew about taking the initiative of faith and going hard after Jesus on our blog at...http://buff.ly/2tZbFFW",11,0,10,1,719,
7/9/2017 07:35 PM,"Ready to partner with The Transformation Center? Get started at buff.ly/2uFakCf!",7,0,11,0,314,
7/9/2017 04:53 PM,"How can you love your neighbor as yourself, if you don't love yourself? See how a Severn Runner overcame self hate:",19,1,84,7,1108,
7/9/2017 11:00 AM,"Happy Sunday Severn Run! Join us as we learn about our partners at The Transformation Center in Brooklyn Park and how you can follow God's call to go and serve!",15,13,0,13,0,
7/9/2017 09:30 AM,"Happy Sunday everyone! We're digging deep again today into the qualities and power of the Holy Spirit. Let us know your thoughts in the comments and be sure to share prayer requests too!",22,24,0,13,0,
7/9/2017 08:00 AM,"‚ÄúCome to me, all you who are weary and burdened, and I will give you rest. 29¬†Take my yoke upon you and learn from me, for I am gentle and humble in heart, and you will find rest for your souls. 30¬†For my yoke is easy and my burden is light.‚Äù -'Matthew 11:28-'30",10,0,4,2,498,
7/8/2017 07:35 PM,"Severn Run Softball LeagueStarting July 9 ‚Ä¢ Fields at Severn Run
This year's co-'ed league starts July 9th and will run for 6 weeks on Sunday afternoons through August 13th. This is a perfect opportunity to meet other Severn Runners or invite someone to play with you. Player registration costs $35. For more info and to sign-'up, visit http://buff.ly/2sZ9f63.",1,0,10,0,568,
7/8/2017 04:53 PM,"Stop scrolling! Ask your kids about their favorite part of VBS last year. Add their answer to the comments. Only a couple of days until the fun begins again! http://buff.ly/2tuXxBT",8,3,21,0,675,
7/8/2017 09:00 AM,"BRUNCH TIME! Hit like if you've already had breakfast. Hit love if you're getting ready for brunch. Hit the mad face if you're not waking up until lunch. After you do that, find a Table to join at http://buff.ly/2tm8Qy9.",7,1,8,0,182,
7/7/2017 07:35 PM,"It's almost time! What's your favorite VBS memory? Take some times to tell your kids tonight and don't forget to sign up at http://buff.ly/2tv04wf.",4,0,4,0,516,
7/7/2017 04:53 PM,"It's Friday! What weekend eats are you looking forward to? Who can you invite along? Start your own Table this weekend and tell us about it: http://buff.ly/2tm3WBa. #TablesAtSR",1,0,1,0,74,
7/7/2017 09:01 AM,"What are you up to Sunday afternoon? You could help us transform our campus into outer space for VBS 2017! Plan to help us move chairs and decorate from 2:00-'6:00 PM.",3,0,2,0,269,
7/6/2017 07:15 PM,"We've got some great news! We've reopened Kid's Camp registration because we've added some spots. Reserve your kid's space before they are all gone: http://buff.ly/2tRjlKs",17,0,32,1,912,
7/6/2017 04:50 PM,"What's your favorite rainy day food? Will you be sharing it with your Table today? #TablesAtSR",0,0,1,0,245,
7/5/2017 06:00 AM,"Jesus spent his entire life pouring into others. In John 7:37, Jesus told us to come and drink. Let‚Äôs turn to Jesus, allowing him to fill us by the power of the Holy Spirit so that we might pour it onto the world around us, bringing the lost home to the Father who loves them. 
On the last and greatest day of the festival, Jesus stood and said in a loud voice, ‚ÄúLet anyone who is thirsty come to me and drink. Whoever believes in me, as Scripture has said, rivers of living water will flow from within them.‚Äù By this he meant the Spirit, whom those who believed in him were later to receive. Up to that time the Spirit had not been given, since Jesus had not yet been glorified. (John 7:37-'39)",15,1,19,1,727,
7/4/2017 11:16 AM,"Dig into how you can be better used by the Holy Spirit for the benefit of those around you with this week's Digging Deeper Questions.",3,0,0,0,0,
7/4/2017 08:01 AM,"Happy Independence Day Severn Runners! Today, let's count our blessings for the freedoms we have in America and praise God for the ultimate freedom we have through the love of Christ!
""Now the Lord is the Spirit, and where the Spirit of the Lord is, there is freedom."" -' 2 Corinthians 3:17.",11,1,6,3,779,
7/3/2017 06:00 AM,"Psalm 16:11 says, ""You make known to me the path of life; in your presence there is fullness of joy; at your right hand are pleasures forevermore.""
What our hearts and souls long for, is to know the joy and peace of connection to our creator. That‚Äôs what this life is for! You and I have His Word. You and I can live everyday in the presence of God. When we move from life in our own understanding, into the presence of God, and when we stand on the promises of God, there is joy! -'Dr. Drew Shofner",8,0,5,1,342,
7/2/2017 02:11 PM,"Remember when we said we'd give away a table if we got to 25 groups? Well we're ready to give away a table! If you haven't started your table yet or want to join one head to severnrun.com/tables",22,9,0,0,0,
7/2/2017 10:59 AM,"Happy Sunday everyone! We're digging deep again today into the qualities and power of the Holy Spirit. Let us know your thoughts in the comments and be sure to share prayer requests too!",19,30,0,3,0,
7/2/2017 09:29 AM,"Happy Sunday everyone! We're digging deep again today into the qualities and power of the Holy Spirit. Let us know your thoughts in the comments and be sure to share prayer requests too!",21,40,0,1,0,
7/2/2017 08:00 AM,"And when I wake up, you are still with me! -'Psalm 139:18",11,0,7,4,750,
6/30/2017 07:35 PM,"The third kind of person Dr. Drew taught us about is the spiritual person. The spiritual person yields their pride to Jesus' humility, their feelings to divine revelation, and their thinking to the Holy Spirit's lead. 
What the full message at: http://buff.ly/2tPWnRr",18,1,26,4,1245,
6/30/2017 04:53 PM,"üéâ It's Friday! üéâ 
Did you know that we have 4 Tables that meet (and eat) tonight? Check them out and join one by visiting http://buff.ly/2tpBiAs and filtering the day of the week to Friday.",5,1,22,0,495,
6/30/2017 09:00 AM,"Dr. Drew taught us about three kinds of people in response to the Spirit. Learn about the first two: the natural and the carnal.
What the full message at: http://buff.ly/2tPWnRr",8,0,5,0,261,
6/29/2017 07:15 PM,"Receiving the Holy Spirit is not about being odd for God.-' Dr. Drew Shofner

Watch the full message, The Spirit Difference Part 1, at:  http://buff.ly/2sgpw6d",11,0,11,2,654,
6/29/2017 04:50 PM,"We all want to be at peace, but we allow many things to come between us and that peace that we are looking for. Let's turn to the Bible for answers to those things that separate us from peace. Here are 5 verses to give you peace:",8,0,31,4,515,
6/29/2017 12:05 PM,"#TablesAtSR are in full swing! Share a Table Selfie below in the comments.",2,3,29,0,464,
6/29/2017 09:44 AM,"This Week's Life Lifter-' We are called to live in the Spirit...are you?",1,0,0,0,0,
6/28/2017 07:15 PM,"How were you first introduced to Jesus? It‚Äôs a good bet that you learned about Jesus because someone shared with you. They shared their personal experiences and the joy that he brought into their life. That person shared with you because they knew the impact Jesus would have in your life. Something about that interaction stuck with you, and your life began to change.  Now you may be learning how to share Jesus with others. Read how to share and what to pray for our on blog at:",9,0,14,1,347,
6/28/2017 04:50 PM,"The Holy Spirit never calls attention to Himself, but sets up our connection and then invisibly empowers an ever-'growing relationship with Jesus Christ.  Watch the full message, The Spirit Difference, Part 1 at:http://buff.ly/2tPLG1g",11,0,18,1,806,
6/28/2017 10:38 AM,"Art lovers! Join our friends from the Pregnancy Clinic Ministry for a benefit art show tonight in Annapolis and help support the life-'saving work done by their ministry for women and babies.",3,0,0,0,0,
6/28/2017 06:00 AM,"The fulfillment of your life will not be found in a man or a woman, not money or possessions, not the opinions of other people or some accomplishment of this vision that you self created for your life. The fulfillment of your life can only be found in one person; Jesus. That deep unsatisfied sense that is in each of us, is our longing for God. It is the longing to connect with life as it was meant to be in Eden. It is a longing for life as we want it to be in Heaven, but we are here and now in this imperfect, pain filled world, and God wants to answer that by filling our days with His love. Continue reading how Jesus fulfilled everything in scripture to fill you with the purpose of your creation on our blog at...http://buff.ly/2tVV5UV",31,0,52,5,1357,
6/27/2017 07:35 PM,"The only way to live Jesus is in the power of His Holy Spirit. -' Dr. Drew Shofner",21,1,16,1,887,
6/27/2017 04:53 PM,"Laying down your life and helping someone else pick up theirs is the beginning of a relationship that shows the love of Jesus.  Read what laying down your life means on our blog at:",17,0,12,1,471,
6/27/2017 09:00 AM,"Are you going to run on empty, dilute The Spirit, or replenish It?
Watch the full message, The Spirit Difference Part 1, at:  http://buff.ly/2sgpw6d",5,0,14,3,699,
6/26/2017 06:00 AM,"Yesterday's verse of the day on the Bible.com app had this verse image with the exact verse Dr. Drew read to us. Let's choose to let the Holy Spirit guide our lives today!http://buff.ly/2s6PLkg",14,0,11,1,1112,
6/25/2017 07:35 PM,"The only way to Live Jesus is in the power of HIS Spirit, not the ""broken"" of yours. Reject your spirit. Invite His in! -'Dr Drew Shofner",12,0,2,0,293,
6/25/2017 04:53 PM,"Severn Run Softball LeagueStarting July 9 ‚Ä¢ Fields at Severn Run
This year's co-'ed league starts July 9th and will run for 6 weeks on Sunday afternoons through August 13th. This is a perfect opportunity to meet other Severn Runners or invite someone to play with you. Player registration costs $35. For more info and to sign-'up, visit http://buff.ly/2s3Hmy7.",8,0,36,7,671,
6/25/2017 11:09 AM,"Sorry for the late start church! Join us this morning to dig deeper into the character of the Holy Spirit. And join us on campus for food trucks as we launch Tables! Start or join a table at severnrun.com/tables",10,7,0,0,0,
6/25/2017 09:30 AM,"Good morning and happy Sunday! Today we pray you grow to have a deeper understanding of the Holy Spirit. And don't forget our Tables initiative starts today! If you can, stop by campus to enjoy some food trucks. You can start or join a Table at severnrun.com/tables",13,18,0,5,0,
6/25/2017 07:00 AM,"Happy Sunday Severn Runners! The grass withers and the flowers fall, but the word of our God endures forever. -'Isaiah 40:8",16,0,16,3,857,
6/24/2017 07:35 PM,"Gear Shop Team Interest Meeting -' tomorrow at 12:30 PM in Room 145.  Be a part of the team that ensures every Severn Runner can get their hands on the great products we provide! We are looking for folks interested in serving one to two times each month with us. Stop by our interest meeting to hear all about it, and you will get a travel mug and car sticker/magnet just for staying! To learn more contact Bekah at rebekski227@gmail.com.",1,0,2,0,241,
6/24/2017 04:53 PM,"As Galactic Starveyors, your kid(s) will go to the clubhouse and find the God who is over the moon in love with them! Sign up for next month's VBS today at:  http://buff.ly/2tE6pVD",4,0,9,3,347,
6/24/2017 09:01 AM,"And Jesus said, ""I no longer call you servants, I call you friends!"" Connect with Tables this summer as we grow as a church of friends.",11,0,3,0,702,
6/23/2017 07:35 PM,"We are constantly growing in one of two directions-' Toward Broken or Toward Kingdom. -'Dr. Drew Shofner",10,0,25,2,1036,
6/23/2017 04:53 PM,"All kids entering 3rd-'7th Grade are invited to embark on an epic adventure to learn why Jesus Christ is the One True Light at CentriKid Camp 2017. Help bring a child closer to Jesus at CentriKid Camp by donating to a camper. Follow the donation link at the bottom of http://buff.ly/2rK2vgL to donate!",3,0,2,0,113,
6/23/2017 09:01 AM,"Tables -' Who should you eat with? Why should you join or host? Our Life-'Is-'Better-'Connected (Woo-'hoo!) leader, Amber Adams explains in this short video:",5,0,15,0,441,
6/22/2017 07:21 PM,"0",3,4,0,0,0,
6/22/2017 07:15 PM,"This year we will have TWO weeks of VBS fun broken down into smaller age ranges so that each Severn Run kid can have even more fun!July 10-'13, 5-'7 Year Olds
July 17-'20, 8-'12 Year Olds
From 9:00 AM to Noon
Sign up your kid(s) a spot today at:",1,0,4,1,166,
6/22/2017 05:28 PM,"Help us reach our next Tables goal! We want to have 100 Tables by the end of the summer, we aren't going to end this live video until we are a quarter of the way there. Sign up to host a Table today by texting 410-'921-'6788 or visiting severnrun.com/tables.",8,55,0,7,0,
6/22/2017 04:50 PM,"Imagine if you were able to provide an education and clean water to a specific child who‚Äôs name you know and family you know about. Imagine being part of supporting a community that is able to have sustainable businesses and services that once seemed impossible. Imagine being part of releasing a child from poverty in Jesus‚Äô name! Don‚Äôt just imagine, go do it!!  Learn more on our blog at:",2,0,8,0,192,
6/22/2017 12:05 PM,"What's for lunch? While we can't help you out with that today, we can on Sunday! Come and try some BBQ from Uncle B's at our Tables Kick-'Off this Sunday from 11 AM to 2:30 PM.",12,0,8,0,383,
6/22/2017 08:00 AM,"Jesus knew that spending time getting to know people was more important than being ‚Äúreligious.‚Äù Read more in this week's Life Lifter",2,0,0,1,0,
6/22/2017 06:00 AM,"Jesus is relationship, joy and acceptance. -' Dr. Drew Shofner
Watch the full message, The True Value of Tables, at: http://buff.ly/2rEOuMY",7,0,8,0,660,
6/21/2017 08:34 PM,"Come learn about what it takes to serve with the Gear Shop team this Sunday at 12:30 in room 145 (and score a new coffee mug)!",2,0,0,0,0,
6/21/2017 08:32 PM,"Focusing on Jesus lifts us out of relational poverty. -' Dr. Drew Shofner",13,0,28,1,850,
6/21/2017 07:15 PM,"Gyro... how do you pronounce it? No matter how you say it, you can eat it this Sunday at our Tables Kick-'Off because our friends from Greek on the Street will be there!
We'll see you after one of our services for life around the Table!",7,1,5,0,239,
6/21/2017 04:50 PM,"Vacation Bible School (VBS) is an incredible time for children 5 years old thru 12 years old to take an adventure like no other. Kids will search the skies and God's Word to uncover God's truth etched in His handiwork. They will discover that the God who created everything there is-'-'the knowable and the unknowable, the visible and the invisible-'-'wants a relationship with them!Join us as we start ""SEARCHING THE VISIBLE, DISCOVERING THE INVISIBLE""
Register your kid(s) today at:",3,0,7,0,224,
6/21/2017 12:05 PM,"Everyone needs a little help sometimes. Help bring a child closer to Jesus at CentriKid Camp by donating to a camper. Follow the donation link at the bottom of http://buff.ly/2tlqPT9 to donate!",2,0,0,0,180,
6/21/2017 08:15 AM,"Hebrews 12:1-'2 says, ""Therefore, since we are surrounded by such a great cloud of witnesses, let us throw off everything that hinders and the sin that so easily entangles. And let us run with perseverance the race marked out for us, fixing our eyes on Jesus, the pioneer and perfecter of faith.""
God has spoken into us this truth that life is to be a day by day experience; a journey of growth. Your story is to be an upward story, not a downward spiral! Your story is not to be a story of increasing brokenness, addiction, or despair. Your story is not to be a story of decrease; it is to be a story of increase. We are running a race that ends in Glory! Do you realize that? Now you have to step back and think, ‚ÄúHow will I run it?‚Äù Continue reading how we are called to grow in our spiritual journey on our blog at...http://buff.ly/2rBgG3z",8,0,5,1,228,
6/20/2017 07:35 PM,"How is Tables different from Connect Groups?  Watch and learn from our Connect Group Leader, Amber Adams.",15,1,76,0,925,
6/20/2017 04:53 PM,"Yummmm. The Truck of Deliciousness is coming to Severn Run this Sunday from 11 AM-'2:30 PM for our Tables Kick-'Off! Check out their menu and let us know what sounds most delicious(ness) to you in the comments.",6,0,13,0,275,
6/20/2017 09:00 AM,"Want to host a table? Visit the link below or text us at 410-'921-'6788 to get your Table started! #TablesAtSR",1,0,1,0,55,
6/19/2017 04:53 PM,"This Sunday marks the kick off of Tables, and we are celebrating by having 4 food trucks on campus! Tell us how excited you are by picking a crazy GIF and putting it in the comments.",3,3,9,0,196,
6/19/2017 04:52 PM,"Have questions about our summer initiative Tables? Amber has the answers!
Start a Table: text 410-'921-'6788
Join a Table: severnrun.com/tables",22,14,0,2,0,
6/19/2017 03:29 PM,"Find out how God is calling you to participate in Tables! Digging Deeper for Week of June 18, 2017",2,0,0,0,0,
6/19/2017 01:05 PM,"Find a Table or start a Table of your own at severnrun.com/tables!",3,1,0,4,0,
6/19/2017 01:03 PM,"It's time to step out of the whirlwind! Join a weekly Table today at severnrun.com/tables. #TablesAtSR",2,0,0,0,0,
6/19/2017 06:00 AM,"When I am afraid, I put my trust in you. -'Psalm 56:3",9,0,8,2,689,
6/18/2017 04:53 PM,"Tables Hosts! This is your chance to plug your Table. Comment with your day, location, and GroupMe link to invite others to your Table.",4,0,6,0,565,
6/18/2017 10:59 AM,"Good morning! This summer, step out of the chaos and into relationship. Join us this morning as look deeper at the true value of Tables! And join a Table at severnrun.com/tables",9,4,0,0,0,
6/18/2017 09:29 AM,"Good morning Severn Run! This summer, step out of the chaos and into relationship. Join us this morning as we examine the true value of Tables!",6,10,0,2,0,
6/18/2017 08:00 AM,"To all the Dads, we wish you a Happy Father's Day!  
Train up a child in the way he should go; even when he is old he will not depart from it. -'Proverbs 22:6",13,0,8,3,800,
6/17/2017 07:35 PM,"‚ÄúBut the fruit of the Spirit is love, joy, peace, patience, kindness, goodness, faithfulness, gentleness and self-'control.‚Äù Galatians 5:22-'23",9,1,6,1,270,
6/17/2017 04:53 PM,"CHALLENGE: Put a Bible verse in the comments that talks about Jesus being at a table. You can't use the same verse someone has already posted! How many can we find? #TablesAtSR",6,4,38,2,609,
6/17/2017 09:01 AM,"The story of The Prodigal Son is actually a story of two lost sons. -' Dr. Drew Shofner",7,0,17,2,869,
6/16/2017 07:35 PM,"When we accept our identity in Christ, we will live in His authority to change our world!",12,1,3,1,201,
6/16/2017 04:53 PM,"Where are you headed for dinner tonight? Who is going with you? #TablesAtSR",10,2,15,0,338,
6/16/2017 09:01 AM,"Do you want a little pick me up mid week? Sign up for our weekly email devotionals, The Life Lifters! http://buff.ly/2su6HRA",2,0,1,0,171,
6/16/2017 06:00 AM,"Make the decision to live joyfully in the light! -' Dr. Drew ShofnerWatch the full message : http://buff.ly/2suoI2i",7,0,11,0,624,
6/15/2017 07:15 PM,"Never underestimate the power of a faith based choice thrown in the face of the impossible. -'Dr. Drew Shofner",11,0,2,3,299,
6/15/2017 04:50 PM,"Don't miss clearance bundles at the Gear Shop this Sunday!",1,0,13,0,103,
6/15/2017 12:05 PM,"Help us out, do you eat in front of the TV more often than not? Help us settle a debate by commenting yes or no. Find out what we learn Sunday when we talk about #TablesAtSR.",3,19,154,1,1547,
6/15/2017 10:59 AM,"Choose to live joyfully in the light and share God's love in this Week's Life Lifter",5,0,0,2,0,
6/15/2017 06:00 AM,"Nothing brings God greater joy than when a son or a daughter comes home. -' Dr. Drew Shofner",20,0,26,0,724,
6/14/2017 07:15 PM,"This Sunday we are going to tell you all about our Tables summer initiative! If you want a sneak peek, head on over to http://buff.ly/2stJwa8 now.",2,0,5,0,230,
6/14/2017 04:50 PM,"When Jesus told the Parable of the Lost Son, he said, ""So he got up and went to his father. 'But while he was still a long way off, his father saw him and was filled with compassion for him; he ran to his son, threw his arms around him and kissed him.'""
God loves the lost being found -'-'it's what brings His heart His greatest joy! -'Dr. Drew Shofner",8,0,9,3,658,
6/12/2017 04:53 PM,"All kids entering 3rd-'7th Grade are invited to embark on an epic adventure to learn why Jesus Christ is the One True Light at CentriKid Camp 2017, July 31-'August 4 at the Skycroft Convention Center. The cost is $350/child and you can learn more or register online today at http://buff.ly/2rgDJQ0. Only 60 spots are available so register today!",3,0,0,0,118,
6/12/2017 02:59 PM,"Living well-'loved means we love the lost well. Having light means being light. You can choose to be angry in the dark, or you can choose to fully embrace the life God has for you and be joyful in the light. Learn more in Digging Deeper for the Week of June 11, 2017",7,0,0,0,0,
6/12/2017 06:00 AM,"He has made everything beautiful in its time. He has also set eternity in the human heart; yet no one can fathom what God has done from beginning to end. -'Ecclesiastes 3:11",14,0,5,2,195,
6/11/2017 04:53 PM,"Did you know we have weekly message devotionals designed to help you stay focused on what you learned in Worship on Sundays? You can sign up to receive Discussion Questions which will help you dig deeper into the previous weekend's message, or Life Lifters which are a short devotional reflection on the message, or sign up for both!",15,0,13,2,391,
6/11/2017 11:04 AM,"Good morning Severn Run! Thanks for joining us on this beautiful Sunday. Let us know if you're joining us here on Facebook and how we can be praying for you!",14,3,0,1,0,
6/11/2017 09:30 AM,"Good morning Severn Run! Thanks for joining us on this beautiful Sunday. Let us know if you're joining us here on Facebook and how we can be praying for you!",11,19,0,6,0,
6/11/2017 08:35 AM,"Good morning Severn Run! Thanks for joining us on this beautiful Sunday. Let us know if you're joining us here on Facebook and how we can be praying for you!",9,0,0,0,0,
6/11/2017 07:00 AM,"Happy Sunday Severn Runners! We look forward to gathering with you today at 9:30 AM, 11 AM and 12:30 PM. 
Wait for the Lord; be strong and take heart and wait for the Lord. -'Psalm 27:14",19,1,20,2,611,
6/10/2017 07:35 PM,"Vacation Bible School (VBS) is an incredible time for children 5 years old thru 12 years old to take an adventure like no other. Kids will search the skies and God's Word to uncover God's truth etched in His handiwork. They will discover that the God who created everything there is-'-'the knowable and the unknowable, the visible and the invisible-'-'wants a relationship with them!Join us as we start ""SEARCHING THE VISIBLE, DISCOVERING THE INVISIBLE""
Register your kid(s) today at:",4,0,4,1,286,
6/10/2017 09:00 AM,"Love values lost people in danger more than the safety of the saved .  -'Dr. Drew Shofner
Watch the full message, ""What Love Does,"" at: http://buff.ly/2sXL34z",9,1,11,0,486,
6/9/2017 06:01 AM,"In the Parable of the Lost Sheep, Jesus said, ""Then he calls his friends and neighbors together and says, ‚ÄòRejoice with me; I have found my lost sheep.‚Äô I tell you that in the same way there will be more rejoicing in heaven over one sinner who repents than over ninety-'nine righteous persons who do not need to repent.""  Luke 15:6-'7",6,0,1,2,105,